{"cameraMode":{"drawMode":0,"name":"Shaded","section":"Shading Mode"},"sceneLighting":true,"audioPlay":false,"sceneViewState":{"m_AlwaysRefresh":false,"showFog":true,"showSkybox":true,"showFlares":true,"showImageEffects":true,"showParticleSystems":true,"showVisualEffectGraphs":true,"m_FxEnabled":true},"in2DMode":false,"pivot":{"x":2.565000057220459,"y":-1.8950004577636719,"z":3.880000114440918},"rotation":{"x":-0.025212600827217103,"y":0.013185994699597359,"z":-0.00032298697624355555,"w":-0.9996032118797302},"size":63.454856872558597,"orthographic":true}