{"cameraMode":{"drawMode":0,"name":"Shaded","section":"Shading Mode"},"sceneLighting":false,"audioPlay":false,"sceneViewState":{"m_AlwaysRefresh":false,"showFog":true,"showSkybox":false,"showFlares":true,"showImageEffects":true,"showParticleSystems":true,"showVisualEffectGraphs":true,"m_FxEnabled":true},"in2DMode":false,"pivot":{"x":0.20157110691070558,"y":0.28710854053497317,"z":0.09154677391052246},"rotation":{"x":-0.2075476050376892,"y":-0.15566401183605195,"z":0.03347326070070267,"w":-0.9651802778244019},"size":1.7320517301559449,"orthographic":false}